00211,Portsmouth,New Hampshire,NH,Rockingham,43.0059,-71.0132,
00212,Portsmouth,New Hampshire,NH,Rockingham,43.0059,-71.0132,
00213,Portsmouth,New Hampshire,NH,Rockingham,43.0059,-71.0132,
00214,Portsmouth,New Hampshire,NH,Rockingham,43.0059,-71.0132,
00215,Portsmouth,New Hampshire,NH,Rockingham,43.0059,-71.0132,
00401,Pleasantville,New York,NY,,41.1381,-73.7847,
00501,Holtsville,New York,NY,Suffolk,40.9223,-72.6371,
00544,Holtsville,New York,NY,Suffolk,40.9223,-72.6371,
01001,Agawam,Massachusetts,MA,Hampden,42.0702,-72.6227,
01002,Amherst,Massachusetts,MA,Hampshire,42.3671,-72.4646,
01003,Amherst,Massachusetts,MA,Hampshire,42.3919,-72.5248,
01004,Amherst,Massachusetts,MA,Hampshire,42.3845,-72.5132,
01005,Barre,Massachusetts,MA,Worcester,42.4097,-72.1084,
01007,Belchertown,Massachusetts,MA,Hampshire,42.2751,-72.411,
01008,Blandford,Massachusetts,MA,Hampden,42.1829,-72.9361,
01009,Bondsville,Massachusetts,MA,Hampden,42.2061,-72.3405,
01010,Brimfield,Massachusetts,MA,Hampden,42.1165,-72.1885,
01011,Chester,Massachusetts,MA,Hampden,42.2794,-72.9888,
01012,Chesterfield,Massachusetts,MA,Hampshire,42.3923,-72.8256,
01013,Chicopee,Massachusetts,MA,Hampden,42.1596,-72.6082,
01014,Chicopee,Massachusetts,MA,Hampden,42.1707,-72.6048,
01020,Chicopee,Massachusetts,MA,Hampden,42.1764,-72.5761,
01021,Chicopee,Massachusetts,MA,Hampden,42.1707,-72.6048,
01022,Chicopee,Massachusetts,MA,Hampden,42.1934,-72.5544,
01026,Cummington,Massachusetts,MA,Hampshire,42.4633,-72.9202,
01027,Easthampton,Massachusetts,MA,Hampshire,42.3683,-72.7688,
01028,East Longmeadow,Massachusetts,MA,Hampden,42.0672,-72.5056,
01029,East Otis,Massachusetts,MA,Berkshire,42.1909,-73.0517,
01030,Feeding Hills,Massachusetts,MA,Hampden,42.0718,-72.6751,
01031,Gilbertville,Massachusetts,MA,Worcester,42.3322,-72.1986,
01032,Goshen,Massachusetts,MA,Hampshire,42.4662,-72.8441,
01033,Granby,Massachusetts,MA,Hampshire,42.2557,-72.52,
01034,Granville,Massachusetts,MA,Hampden,42.1127,-72.952,
01035,Hadley,Massachusetts,MA,Hampshire,42.3606,-72.5715,
01036,Hampden,Massachusetts,MA,Hampden,42.0648,-72.4318,
01037,Hardwick,Massachusetts,MA,Worcester,42.3479,-72.2253,
01038,Hatfield,Massachusetts,MA,Hampshire,42.3844,-72.6167,
01039,Haydenville,Massachusetts,MA,Hampshire,42.3818,-72.7032,
01040,Holyoke,Massachusetts,MA,Hampden,42.202,-72.6262,
01041,Holyoke,Massachusetts,MA,Hampden,42.1707,-72.6048,
01050,Huntington,Massachusetts,MA,Hampshire,42.2653,-72.8733,
01053,Leeds,Massachusetts,MA,Hampshire,42.3543,-72.7034,
01054,Leverett,Massachusetts,MA,Franklin,42.4682,-72.4993,
01056,Ludlow,Massachusetts,MA,Hampden,42.1728,-72.471,
01057,Monson,Massachusetts,MA,Hampden,42.101,-72.3196,
01059,North Amherst,Massachusetts,MA,Hampshire,42.3696,-72.636,
01060,Northampton,Massachusetts,MA,Hampshire,42.3223,-72.6313,
01061,Northampton,Massachusetts,MA,Hampshire,42.3696,-72.636,
01062,Florence,Massachusetts,MA,Hampshire,42.3219,-72.6928,
01063,Northampton,Massachusetts,MA,Hampshire,42.3179,-72.6402,
01066,North Hatfield,Massachusetts,MA,Hampshire,42.4067,-72.6339,
01068,Oakham,Massachusetts,MA,Worcester,42.348,-72.0513,
01069,Palmer,Massachusetts,MA,Hampden,42.1762,-72.3288,
01070,Plainfield,Massachusetts,MA,Hampshire,42.5144,-72.9183,
01071,Russell,Massachusetts,MA,Hampden,42.1471,-72.8403,
01072,Shutesbury,Massachusetts,MA,Franklin,42.482,-72.4213,
01073,Southampton,Massachusetts,MA,Hampshire,42.2247,-72.7194,
01074,South Barre,Massachusetts,MA,Worcester,42.376,-72.1494,
01075,South Hadley,Massachusetts,MA,Hampshire,42.2375,-72.5811,
01077,Southwick,Massachusetts,MA,Hampden,42.0511,-72.7706,
01079,Thorndike,Massachusetts,MA,Hampden,42.1929,-72.3296,
01080,Three Rivers,Massachusetts,MA,Hampden,42.1819,-72.3624,
01081,Wales,Massachusetts,MA,Hampden,42.0627,-72.2046,
01082,Ware,Massachusetts,MA,Hampshire,42.2618,-72.2583,
01083,Warren,Massachusetts,MA,Worcester,42.204,-72.1994,
01084,West Chesterfield,Massachusetts,MA,Hampshire,42.3903,-72.8709,
01085,Westfield,Massachusetts,MA,Hampden,42.1537,-72.7698,
01086,Westfield,Massachusetts,MA,Hampden,42.1734,-72.848,
01088,West Hatfield,Massachusetts,MA,Hampshire,42.3906,-72.6469,
01089,West Springfield,Massachusetts,MA,Hampden,42.1151,-72.6411,
01090,West Springfield,Massachusetts,MA,Hampden,42.1707,-72.6048,
01092,West Warren,Massachusetts,MA,Worcester,42.2029,-72.229,
01093,Whately,Massachusetts,MA,Franklin,42.4427,-72.6525,
01094,Wheelwright,Massachusetts,MA,Worcester,42.3582,-72.1408,
01095,Wilbraham,Massachusetts,MA,Hampden,42.1245,-72.4464,
01096,Williamsburg,Massachusetts,MA,Hampshire,42.4085,-72.778,
01097,Woronoco,Massachusetts,MA,Hampden,42.1617,-72.8459,
01098,Worthington,Massachusetts,MA,Hampshire,42.3843,-72.9314,
01101,Springfield,Massachusetts,MA,Hampden,42.1707,-72.6048,
01102,Springfield,Massachusetts,MA,Hampden,42.1707,-72.6048,
01103,Springfield,Massachusetts,MA,Hampden,42.1029,-72.5887,
01104,Springfield,Massachusetts,MA,Hampden,42.1288,-72.5778,
01105,Springfield,Massachusetts,MA,Hampden,42.0999,-72.5783,
01106,Longmeadow,Massachusetts,MA,Hampden,42.0507,-72.5676,
01107,Springfield,Massachusetts,MA,Hampden,42.1179,-72.6065,
01108,Springfield,Massachusetts,MA,Hampden,42.0853,-72.5584,
01109,Springfield,Massachusetts,MA,Hampden,42.1145,-72.5543,
01111,Springfield,Massachusetts,MA,Hampden,42.1707,-72.6048,
01114,Springfield,Massachusetts,MA,Hampden,42.1707,-72.6048,
01115,Springfield,Massachusetts,MA,Hampden,42.1029,-72.5916,
01116,Longmeadow,Massachusetts,MA,Hampden,42.1707,-72.6048,
01118,Springfield,Massachusetts,MA,Hampden,42.0929,-72.5274,
01119,Springfield,Massachusetts,MA,Hampden,42.1247,-72.5121,
01128,Springfield,Massachusetts,MA,Hampden,42.0944,-72.4889,
01129,Springfield,Massachusetts,MA,Hampden,42.1223,-72.4876,
01133,Springfield,Massachusetts,MA,Hampden,42.1707,-72.6048,
01138,Springfield,Massachusetts,MA,Hampden,42.1707,-72.6048,
01139,Springfield,Massachusetts,MA,Hampden,42.1707,-72.6048,
01144,Springfield,Massachusetts,MA,Hampden,42.1018,-72.5915,
01151,Indian Orchard,Massachusetts,MA,Hampden,42.1532,-72.505,
01152,Springfield,Massachusetts,MA,Hampden,42.1707,-72.6048,
01195,Springfield,Massachusetts,MA,,42.1029,-72.5921,
01199,Springfield,Massachusetts,MA,Hampden,42.1199,-72.605,
01201,Pittsfield,Massachusetts,MA,Berkshire,42.4531,-73.2471,
01202,Pittsfield,Massachusetts,MA,Berkshire,42.3929,-73.2285,
01203,Pittsfield,Massachusetts,MA,Berkshire,42.3929,-73.2285,
01220,Adams,Massachusetts,MA,Berkshire,42.6223,-73.1172,
01222,Ashley Falls,Massachusetts,MA,Berkshire,42.0596,-73.3202,
01223,Becket,Massachusetts,MA,Berkshire,42.3594,-73.1203,
01224,Berkshire,Massachusetts,MA,Berkshire,42.5065,-73.1975,
01225,Cheshire,Massachusetts,MA,Berkshire,42.5611,-73.158,
01226,Dalton,Massachusetts,MA,Berkshire,42.475,-73.1603,
01227,Dalton,Massachusetts,MA,Berkshire,42.5161,-73.0929,
01229,Glendale,Massachusetts,MA,Berkshire,42.2793,-73.3435,
01230,Great Barrington,Massachusetts,MA,Berkshire,42.1959,-73.3606,
01235,Hinsdale,Massachusetts,MA,Berkshire,42.4298,-73.0724,
01236,Housatonic,Massachusetts,MA,Berkshire,42.2653,-73.3745,
01237,Lanesboro,Massachusetts,MA,Berkshire,42.5497,-73.2626,
01238,Lee,Massachusetts,MA,Berkshire,42.299,-73.2317,
01240,Lenox,Massachusetts,MA,Berkshire,42.3642,-73.2713,
01242,Lenox Dale,Massachusetts,MA,Berkshire,42.3386,-73.2509,
01243,Middlefield,Massachusetts,MA,Hampshire,42.3561,-73.0104,
01244,Mill River,Massachusetts,MA,Berkshire,42.1228,-73.254,
01245,Monterey,Massachusetts,MA,Berkshire,42.1867,-73.2065,
01247,North Adams,Massachusetts,MA,Berkshire,42.6955,-73.08,
01252,North Egremont,Massachusetts,MA,Berkshire,42.1986,-73.4462,
01253,Otis,Massachusetts,MA,Berkshire,42.1899,-73.0821,
01254,Richmond,Massachusetts,MA,Berkshire,42.3784,-73.3645,
01255,Sandisfield,Massachusetts,MA,Berkshire,42.1094,-73.1163,
01256,Savoy,Massachusetts,MA,Berkshire,42.577,-73.0233,
01257,Sheffield,Massachusetts,MA,Berkshire,42.1001,-73.3611,
01258,South Egremont,Massachusetts,MA,Berkshire,42.1012,-73.4566,
01259,Southfield,Massachusetts,MA,Berkshire,42.078,-73.2609,
01260,South Lee,Massachusetts,MA,Berkshire,42.2866,-73.3133,
01262,Stockbridge,Massachusetts,MA,Berkshire,42.301,-73.3223,
01263,Stockbridge,Massachusetts,MA,Berkshire,42.3929,-73.2285,
01264,Tyringham,Massachusetts,MA,Berkshire,42.22,-73.1979,
01266,West Stockbridge,Massachusetts,MA,Berkshire,42.3348,-73.3825,
01267,Williamstown,Massachusetts,MA,Berkshire,42.7089,-73.2036,
01270,Windsor,Massachusetts,MA,Berkshire,42.515,-73.0412,
01301,Greenfield,Massachusetts,MA,Franklin,42.6013,-72.6236,
01302,Greenfield,Massachusetts,MA,Franklin,42.5222,-72.6242,
01330,Ashfield,Massachusetts,MA,Franklin,42.5232,-72.811,
01331,Athol,Massachusetts,MA,Worcester,42.5473,-72.1839,
01337,Bernardston,Massachusetts,MA,Franklin,42.6952,-72.5772,
01338,Buckland,Massachusetts,MA,Franklin,42.5736,-72.8213,
01339,Charlemont,Massachusetts,MA,Franklin,42.608,-72.8901,
01340,Colrain,Massachusetts,MA,Franklin,42.679,-72.7265,
01341,Conway,Massachusetts,MA,Franklin,42.5138,-72.7025,
01342,Deerfield,Massachusetts,MA,Franklin,42.5406,-72.6072,
01343,Drury,Massachusetts,MA,Berkshire,42.6427,-72.9862,
01344,Erving,Massachusetts,MA,Franklin,42.6076,-72.4292,
01346,Heath,Massachusetts,MA,Franklin,42.6853,-72.8391,
01347,Lake Pleasant,Massachusetts,MA,Franklin,42.5566,-72.5181,
01349,Turners Falls,Massachusetts,MA,Franklin,42.5725,-72.4832,
01350,Monroe Bridge,Massachusetts,MA,Franklin,42.7215,-72.9762,
01351,Montague,Massachusetts,MA,Franklin,42.5429,-72.5328,
01354,Northfield,Massachusetts,MA,Franklin,42.6337,-72.5111,
01355,New Salem,Massachusetts,MA,Franklin,42.5146,-72.3062,
01360,Northfield,Massachusetts,MA,Franklin,42.6887,-72.451,
01364,Orange,Massachusetts,MA,Franklin,42.6129,-72.2924,
01366,Petersham,Massachusetts,MA,Worcester,42.4898,-72.1893,
01367,Rowe,Massachusetts,MA,Franklin,42.6953,-72.9258,
01368,Royalston,Massachusetts,MA,Worcester,42.6722,-72.1964,
01369,Shattuckville,Massachusetts,MA,Franklin,42.5222,-72.6242,
01370,Shelburne Falls,Massachusetts,MA,Franklin,42.6022,-72.7391,
01373,South Deerfield,Massachusetts,MA,Franklin,42.4756,-72.6153,
01375,Sunderland,Massachusetts,MA,Franklin,42.4539,-72.5676,
01376,Turners Falls,Massachusetts,MA,Franklin,42.5954,-72.5557,
01378,Warwick,Massachusetts,MA,Franklin,42.6671,-72.3397,
01379,Wendell,Massachusetts,MA,Franklin,42.5656,-72.4009,
01380,Wendell Depot,Massachusetts,MA,Franklin,42.5534,-72.3927,
01420,Fitchburg,Massachusetts,MA,Worcester,42.5796,-71.8031,
01430,Ashburnham,Massachusetts,MA,Worcester,42.6496,-71.9267,
01431,Ashby,Massachusetts,MA,Middlesex,42.6745,-71.8174,
01432,Ayer,Massachusetts,MA,Middlesex,42.5591,-71.5788,
01433,Ft Devens,Massachusetts,MA,,42.5336,-71.6215,
01434,Devens,Massachusetts,MA,Middlesex,42.5385,-71.6115,
01436,Baldwinville,Massachusetts,MA,Worcester,42.5936,-72.0646,
01438,East Templeton,Massachusetts,MA,Worcester,42.5517,-72.0294,
01440,Gardner,Massachusetts,MA,Worcester,42.574,-71.9898,
01441,Gardner,Massachusetts,MA,Worcester,42.3648,-71.8969,
01450,Groton,Massachusetts,MA,Middlesex,42.6124,-71.5584,
01451,Harvard,Massachusetts,MA,Worcester,42.4986,-71.5753,
01452,Hubbardston,Massachusetts,MA,Worcester,42.4865,-72.0012,
01453,Leominster,Massachusetts,MA,Worcester,42.5274,-71.7563,
01460,Littleton,Massachusetts,MA,Middlesex,42.5401,-71.4877,
01462,Lunenburg,Massachusetts,MA,Worcester,42.5884,-71.7266,
01463,Pepperell,Massachusetts,MA,Middlesex,42.6689,-71.5934,
01464,Shirley,Massachusetts,MA,Middlesex,42.5734,-71.6483,
01466,Ashburnham,Massachusetts,MA,,42.6116,-71.9295,
01467,Still River,Massachusetts,MA,Worcester,42.4871,-71.6131,
01468,Templeton,Massachusetts,MA,Worcester,42.546,-72.065,
01469,Townsend,Massachusetts,MA,Middlesex,42.6525,-71.6896,
01470,Groton,Massachusetts,MA,Middlesex,42.4464,-71.4594,
01471,Groton,Massachusetts,MA,Middlesex,42.4464,-71.4594,
01472,West Groton,Massachusetts,MA,Middlesex,42.4464,-71.4594,
01473,Westminster,Massachusetts,MA,Worcester,42.5483,-71.9096,
01474,West Townsend,Massachusetts,MA,Middlesex,42.6678,-71.7522,
01475,Winchendon,Massachusetts,MA,Worcester,42.6789,-72.0475,
01477,Winchendon Springs,Massachusetts,MA,Worcester,42.3648,-71.8969,
01501,Auburn,Massachusetts,MA,Worcester,42.2055,-71.8391,
01503,Berlin,Massachusetts,MA,Worcester,42.3844,-71.6356,
01504,Blackstone,Massachusetts,MA,Worcester,42.0287,-71.5269,
01505,Boylston,Massachusetts,MA,Worcester,42.3377,-71.731,
01506,Brookfield,Massachusetts,MA,Worcester,42.1991,-72.0989,
01507,Charlton,Massachusetts,MA,Worcester,42.1379,-71.9664,
01508,Charlton City,Massachusetts,MA,Worcester,42.1097,-72.0795,
01509,Charlton Depot,Massachusetts,MA,Worcester,42.3648,-71.8969,
01510,Clinton,Massachusetts,MA,Worcester,42.4181,-71.6828,
01515,East Brookfield,Massachusetts,MA,Worcester,42.2193,-72.0481,
01516,Douglas,Massachusetts,MA,Worcester,42.0528,-71.7509,
01517,East Princeton,Massachusetts,MA,Worcester,42.3648,-71.8969,
01518,Fiskdale,Massachusetts,MA,Worcester,42.1228,-72.1178,
01519,Grafton,Massachusetts,MA,Worcester,42.2004,-71.6868,
01520,Holden,Massachusetts,MA,Worcester,42.342,-71.8414,
01521,Holland,Massachusetts,MA,Hampden,42.0403,-72.1544,
01522,Jefferson,Massachusetts,MA,Worcester,42.3755,-71.8706,
01523,Lancaster,Massachusetts,MA,Worcester,42.451,-71.6868,
01524,Leicester,Massachusetts,MA,Worcester,42.237,-71.9188,
01525,Linwood,Massachusetts,MA,Worcester,42.3648,-71.8969,
01526,Manchaug,Massachusetts,MA,Worcester,42.3648,-71.8969,
01527,Millbury,Massachusetts,MA,Worcester,42.1968,-71.7644,
01529,Millville,Massachusetts,MA,Worcester,42.0331,-71.5798,
01531,New Braintree,Massachusetts,MA,Worcester,42.3198,-72.1306,
01532,Northborough,Massachusetts,MA,Worcester,42.3182,-71.6464,
01534,Northbridge,Massachusetts,MA,Worcester,42.1494,-71.6564,
01535,North Brookfield,Massachusetts,MA,Worcester,42.2665,-72.0821,
01536,North Grafton,Massachusetts,MA,Worcester,42.2297,-71.7037,
01537,North Oxford,Massachusetts,MA,Worcester,42.1655,-71.886,
01538,North Uxbridge,Massachusetts,MA,Worcester,42.3648,-71.8969,
01539,Oakdale,Massachusetts,MA,,42.3581,-71.7832,
01540,Oxford,Massachusetts,MA,Worcester,42.1128,-71.8687,
01541,Princeton,Massachusetts,MA,Worcester,42.4508,-71.8762,
01542,Rochdale,Massachusetts,MA,Worcester,42.1997,-71.9069,
01543,Rutland,Massachusetts,MA,Worcester,42.3762,-71.949,
01545,Shrewsbury,Massachusetts,MA,Worcester,42.2848,-71.7205,
01546,Shrewsbury,Massachusetts,MA,Worcester,42.3648,-71.8969,
01550,Southbridge,Massachusetts,MA,Worcester,42.075,-72.0353,
01560,South Grafton,Massachusetts,MA,Worcester,42.176,-71.6927,
01561,South Lancaster,Massachusetts,MA,Worcester,42.4435,-71.6861,
01562,Spencer,Massachusetts,MA,Worcester,42.2441,-71.9906,
01564,Sterling,Massachusetts,MA,Worcester,42.4354,-71.7752,
01566,Sturbridge,Massachusetts,MA,Worcester,42.1126,-72.0842,
01568,Upton,Massachusetts,MA,Worcester,42.1756,-71.6032,
01569,Uxbridge,Massachusetts,MA,Worcester,42.0744,-71.6329,
01570,Webster,Massachusetts,MA,Worcester,42.0521,-71.8486,
01571,Dudley,Massachusetts,MA,Worcester,42.0489,-71.8932,
01580,Westborough,Massachusetts,MA,Worcester,42.3648,-71.8969,
01581,Westborough,Massachusetts,MA,Worcester,42.2679,-71.6176,
01582,Westborough,Massachusetts,MA,Worcester,42.3648,-71.8969,
01583,West Boylston,Massachusetts,MA,Worcester,42.3584,-71.7838,
01585,West Brookfield,Massachusetts,MA,Worcester,42.2441,-72.1511,
01586,West Millbury,Massachusetts,MA,Worcester,42.3648,-71.8969,
01587,Upton,Massachusetts,MA,,42.1702,-71.6259,
01588,Whitinsville,Massachusetts,MA,Worcester,42.1153,-71.6644,
01590,Sutton,Massachusetts,MA,Worcester,42.1266,-71.7552,
01601,Worcester,Massachusetts,MA,Worcester,42.2653,-71.8794,
01602,Worcester,Massachusetts,MA,Worcester,42.2703,-71.8417,
01603,Worcester,Massachusetts,MA,Worcester,42.245,-71.838,
01604,Worcester,Massachusetts,MA,Worcester,42.2541,-71.7746,
01605,Worcester,Massachusetts,MA,Worcester,42.2894,-71.7888,
01606,Worcester,Massachusetts,MA,Worcester,42.311,-71.7958,
01607,Worcester,Massachusetts,MA,Worcester,42.2303,-71.7938,
01608,Worcester,Massachusetts,MA,Worcester,42.2624,-71.8003,
01609,Worcester,Massachusetts,MA,Worcester,42.2826,-71.8277,
01610,Worcester,Massachusetts,MA,Worcester,42.2492,-71.8108,
01611,Cherry Valley,Massachusetts,MA,Worcester,42.2373,-71.875,
01612,Paxton,Massachusetts,MA,Worcester,42.3066,-71.9202,
01613,Worcester,Massachusetts,MA,Worcester,42.2933,-71.802,
01614,Worcester,Massachusetts,MA,Worcester,42.3648,-71.8969,
01615,Worcester,Massachusetts,MA,Worcester,42.3648,-71.8969,
01653,Worcester,Massachusetts,MA,Worcester,42.3648,-71.8969,
01654,Worcester,Massachusetts,MA,Worcester,42.3648,-71.8969,
01655,Worcester,Massachusetts,MA,Worcester,42.3648,-71.8969,
01701,Framingham,Massachusetts,MA,Middlesex,42.3007,-71.4255,
01702,Framingham,Massachusetts,MA,Middlesex,42.2822,-71.4339,
01703,Framingham,Massachusetts,MA,Middlesex,42.4464,-71.4594,
01704,Framingham,Massachusetts,MA,Middlesex,42.4464,-71.4594,
01705,Framingham,Massachusetts,MA,Middlesex,42.4464,-71.4594,
01718,Village Of Nagog Woods,Massachusetts,MA,Middlesex,42.5198,-71.4293,
01719,Boxborough,Massachusetts,MA,Middlesex,42.4884,-71.5178,
01720,Acton,Massachusetts,MA,Middlesex,42.4751,-71.4483,
01721,Ashland,Massachusetts,MA,Middlesex,42.2539,-71.4583,
01730,Bedford,Massachusetts,MA,Middlesex,42.4843,-71.2768,
01731,Hanscom Afb,Massachusetts,MA,Middlesex,42.4567,-71.2795,
01740,Bolton,Massachusetts,MA,Worcester,42.4365,-71.6076,
01741,Carlisle,Massachusetts,MA,Middlesex,42.5286,-71.3519,
01742,Concord,Massachusetts,MA,Middlesex,42.4567,-71.3747,
01745,Fayville,Massachusetts,MA,Worcester,42.2934,-71.5028,
01746,Holliston,Massachusetts,MA,Middlesex,42.2026,-71.4361,
01747,Hopedale,Massachusetts,MA,Worcester,42.1268,-71.5376,
01748,Hopkinton,Massachusetts,MA,Middlesex,42.219,-71.5302,
01749,Hudson,Massachusetts,MA,Middlesex,42.3918,-71.5609,
01752,Marlborough,Massachusetts,MA,Middlesex,42.3509,-71.5434,
01754,Maynard,Massachusetts,MA,Middlesex,42.4321,-71.455,
01756,Mendon,Massachusetts,MA,Worcester,42.0967,-71.5499,
01757,Milford,Massachusetts,MA,Worcester,42.1511,-71.5274,
01760,Natick,Massachusetts,MA,Middlesex,42.2875,-71.3574,
01770,Sherborn,Massachusetts,MA,Middlesex,42.2331,-71.3787,
01772,Southborough,Massachusetts,MA,Worcester,42.2939,-71.532,
01773,Lincoln,Massachusetts,MA,Middlesex,42.4217,-71.3137,
01775,Stow,Massachusetts,MA,Middlesex,42.4308,-71.515,
01776,Sudbury,Massachusetts,MA,Middlesex,42.3837,-71.4282,
01778,Wayland,Massachusetts,MA,Middlesex,42.3486,-71.3588,
01784,Woodville,Massachusetts,MA,Middlesex,42.4464,-71.4594,
01801,Woburn,Massachusetts,MA,Middlesex,42.4829,-71.1574,
01803,Burlington,Massachusetts,MA,Middlesex,42.5089,-71.2004,
01805,Burlington,Massachusetts,MA,Middlesex,42.4464,-71.4594,
01806,Woburn,Massachusetts,MA,Middlesex,42.4464,-71.4594,
01807,Woburn,Massachusetts,MA,Middlesex,42.4464,-71.4594,
01808,Woburn,Massachusetts,MA,Middlesex,42.4464,-71.4594,
01810,Andover,Massachusetts,MA,Essex,42.6496,-71.1565,
01812,Andover,Massachusetts,MA,Essex,42.6472,-71.1842,
01813,Woburn,Massachusetts,MA,Middlesex,42.4464,-71.4594,
01814,Reading,Massachusetts,MA,,42.506,-71.1263,
01815,Woburn,Massachusetts,MA,Middlesex,42.4464,-71.4594,
01821,Billerica,Massachusetts,MA,Middlesex,42.5519,-71.2518,
01822,Billerica,Massachusetts,MA,Middlesex,42.4464,-71.4594,
01824,Chelmsford,Massachusetts,MA,Middlesex,42.5911,-71.3556,
01826,Dracut,Massachusetts,MA,Middlesex,42.6764,-71.3186,
01827,Dunstable,Massachusetts,MA,Middlesex,42.6739,-71.4952,
01830,Haverhill,Massachusetts,MA,Essex,42.7856,-71.0721,
01831,Haverhill,Massachusetts,MA,Essex,42.7711,-71.1221,
01832,Haverhill,Massachusetts,MA,Essex,42.7792,-71.1095,
01833,Georgetown,Massachusetts,MA,Essex,42.7281,-70.9822,
01834,Groveland,Massachusetts,MA,Essex,42.753,-71.027,
01835,Haverhill,Massachusetts,MA,Essex,42.7528,-71.0843,
01840,Lawrence,Massachusetts,MA,Essex,42.708,-71.1638,
01841,Lawrence,Massachusetts,MA,Essex,42.7115,-71.167,
01842,Lawrence,Massachusetts,MA,Essex,42.6354,-70.8791,
01843,Lawrence,Massachusetts,MA,Essex,42.6911,-71.1605,
01844,Methuen,Massachusetts,MA,Essex,42.728,-71.181,
01845,North Andover,Massachusetts,MA,Essex,42.6826,-71.109,
01850,Lowell,Massachusetts,MA,Middlesex,42.656,-71.3051,
01851,Lowell,Massachusetts,MA,Middlesex,42.6315,-71.3329,
01852,Lowell,Massachusetts,MA,Middlesex,42.6344,-71.2983,
01853,Lowell,Massachusetts,MA,Middlesex,42.4464,-71.4594,
01854,Lowell,Massachusetts,MA,Middlesex,42.6493,-71.3355,
01860,Merrimac,Massachusetts,MA,Essex,42.8346,-71.0047,
01862,North Billerica,Massachusetts,MA,Middlesex,42.5757,-71.2902,
01863,North Chelmsford,Massachusetts,MA,Middlesex,42.6347,-71.3908,
01864,North Reading,Massachusetts,MA,Middlesex,42.5819,-71.0947,
01865,Nutting Lake,Massachusetts,MA,Middlesex,42.4464,-71.4594,
01866,Pinehurst,Massachusetts,MA,Middlesex,42.4464,-71.4594,
01867,Reading,Massachusetts,MA,Middlesex,42.528,-71.109,
01876,Tewksbury,Massachusetts,MA,Middlesex,42.6028,-71.2232,
01879,Tyngsboro,Massachusetts,MA,Middlesex,42.6724,-71.4158,
01880,Wakefield,Massachusetts,MA,Middlesex,42.5009,-71.0685,
01885,West Boxford,Massachusetts,MA,Essex,42.6354,-70.8791,
01886,Westford,Massachusetts,MA,Middlesex,42.5864,-71.4401,
01887,Wilmington,Massachusetts,MA,Middlesex,42.5581,-71.1723,
01888,Woburn,Massachusetts,MA,Middlesex,42.4464,-71.4594,
01889,North Reading,Massachusetts,MA,Middlesex,42.5716,-71.1096,
01890,Winchester,Massachusetts,MA,Middlesex,42.453,-71.1441,
01899,Andover,Massachusetts,MA,Essex,42.6354,-70.8791,
01901,Lynn,Massachusetts,MA,Essex,42.4612,-70.9467,
01902,Lynn,Massachusetts,MA,Essex,42.4698,-70.942,
01903,Lynn,Massachusetts,MA,Essex,42.6354,-70.8791,
01904,Lynn,Massachusetts,MA,Essex,42.4889,-70.9647,
01905,Lynn,Massachusetts,MA,Essex,42.4694,-70.9728,
01906,Saugus,Massachusetts,MA,Essex,42.4633,-71.0111,
01907,Swampscott,Massachusetts,MA,Essex,42.4746,-70.9098,
01908,Nahant,Massachusetts,MA,Essex,42.4261,-70.9277,
01910,Lynn,Massachusetts,MA,Essex,42.4548,-70.9747,
01913,Amesbury,Massachusetts,MA,Essex,42.8559,-70.9367,
01915,Beverly,Massachusetts,MA,Essex,42.5608,-70.8759,
01921,Boxford,Massachusetts,MA,Essex,42.6797,-71.0114,
01922,Byfield,Massachusetts,MA,Essex,42.7568,-70.9351,
01923,Danvers,Massachusetts,MA,Essex,42.5694,-70.9425,
01929,Essex,Massachusetts,MA,Essex,42.6286,-70.7828,
01930,Gloucester,Massachusetts,MA,Essex,42.6208,-70.6721,
01931,Gloucester,Massachusetts,MA,Essex,42.6354,-70.8791,
01936,Hamilton,Massachusetts,MA,Essex,42.6354,-70.8791,
01937,Hathorne,Massachusetts,MA,Essex,42.6354,-70.8791,
01938,Ipswich,Massachusetts,MA,Essex,42.6809,-70.8494,
01940,Lynnfield,Massachusetts,MA,Essex,42.5327,-71.0339,
01944,Manchester,Massachusetts,MA,Essex,42.5796,-70.7674,
01945,Marblehead,Massachusetts,MA,Essex,42.4984,-70.8653,
01947,Salem,Massachusetts,MA,Essex,42.6428,-70.8736,
01949,Middleton,Massachusetts,MA,Essex,42.5942,-71.013,
01950,Newburyport,Massachusetts,MA,Essex,42.813,-70.8847,
01951,Newbury,Massachusetts,MA,Essex,42.7835,-70.8474,
01952,Salisbury,Massachusetts,MA,Essex,42.8507,-70.8588,
01960,Peabody,Massachusetts,MA,Essex,42.5326,-70.9612,
01961,Peabody,Massachusetts,MA,Essex,42.6354,-70.8791,
01964,Peabody,Massachusetts,MA,,42.5357,-70.9478,
01965,Prides Crossing,Massachusetts,MA,Essex,42.5581,-70.8257,
01966,Rockport,Massachusetts,MA,Essex,42.658,-70.6194,
01969,Rowley,Massachusetts,MA,Essex,42.7138,-70.907,
01970,Salem,Massachusetts,MA,Essex,42.5151,-70.9003,
01971,Salem,Massachusetts,MA,Essex,42.6354,-70.8791,
01982,South Hamilton,Massachusetts,MA,Essex,42.6185,-70.8561,
01983,Topsfield,Massachusetts,MA,Essex,42.6415,-70.9488,
01984,Wenham,Massachusetts,MA,Essex,42.6017,-70.8786,
01985,West Newbury,Massachusetts,MA,Essex,42.7949,-70.9778,
02018,Accord,Massachusetts,MA,Plymouth,41.9705,-70.7014,
02019,Bellingham,Massachusetts,MA,Norfolk,42.0746,-71.4768,
02020,Brant Rock,Massachusetts,MA,Plymouth,42.0818,-70.6439,
02021,Canton,Massachusetts,MA,Norfolk,42.1645,-71.1355,
02025,Cohasset,Massachusetts,MA,Norfolk,42.2395,-70.8128,
02026,Dedham,Massachusetts,MA,Norfolk,42.2437,-71.1637,
02027,Dedham,Massachusetts,MA,Norfolk,42.18,-71.0892,
02030,Dover,Massachusetts,MA,Norfolk,42.2362,-71.2854,
02031,East Mansfield,Massachusetts,MA,Bristol,41.9988,-71.2009,
02032,East Walpole,Massachusetts,MA,Norfolk,42.1532,-71.2179,
02035,Foxboro,Massachusetts,MA,Norfolk,42.0649,-71.2441,
02038,Franklin,Massachusetts,MA,Norfolk,42.0935,-71.4058,
02040,Greenbush,Massachusetts,MA,Plymouth,41.9705,-70.7014,
02041,Green Harbor,Massachusetts,MA,Plymouth,42.0696,-70.6491,
02043,Hingham,Massachusetts,MA,Plymouth,42.2245,-70.8911,
02044,Hingham,Massachusetts,MA,Plymouth,41.9705,-70.7014,
02045,Hull,Massachusetts,MA,Plymouth,42.2853,-70.8754,
02047,Humarock,Massachusetts,MA,Plymouth,42.1428,-70.6935,
02048,Mansfield,Massachusetts,MA,Bristol,42.0212,-71.2178,
02050,Marshfield,Massachusetts,MA,Plymouth,42.1062,-70.6993,
02051,Marshfield Hills,Massachusetts,MA,Plymouth,42.1512,-70.7341,
02052,Medfield,Massachusetts,MA,Norfolk,42.1845,-71.3048,
02053,Medway,Massachusetts,MA,Norfolk,42.1514,-71.4217,
02054,Millis,Massachusetts,MA,Norfolk,42.1669,-71.3607,
02055,Minot,Massachusetts,MA,Plymouth,41.9705,-70.7014,
02056,Norfolk,Massachusetts,MA,Norfolk,42.1177,-71.3269,
02059,North Marshfield,Massachusetts,MA,Plymouth,41.9705,-70.7014,
02060,North Scituate,Massachusetts,MA,Plymouth,41.9705,-70.7014,
02061,Norwell,Massachusetts,MA,Plymouth,42.1596,-70.8217,
02062,Norwood,Massachusetts,MA,Norfolk,42.1868,-71.2033,
02065,Ocean Bluff,Massachusetts,MA,Plymouth,42.0972,-70.6516,
02066,Scituate,Massachusetts,MA,Plymouth,42.2032,-70.7525,
02067,Sharon,Massachusetts,MA,Norfolk,42.1094,-71.1759,
02070,Sheldonville,Massachusetts,MA,Norfolk,42.18,-71.0892,
02071,South Walpole,Massachusetts,MA,Norfolk,42.0992,-71.2752,
02072,Stoughton,Massachusetts,MA,Norfolk,42.1253,-71.1074,
02081,Walpole,Massachusetts,MA,Norfolk,42.1444,-71.2544,
02090,Westwood,Massachusetts,MA,Norfolk,42.2148,-71.2104,
02093,Wrentham,Massachusetts,MA,Norfolk,42.0617,-71.3396,
02101,Boston,Massachusetts,MA,Suffolk,42.3706,-71.027,
02102,Boston,Massachusetts,MA,Suffolk,42.3389,-70.9196,
02103,Boston,Massachusetts,MA,Suffolk,42.3389,-70.9196,
02104,Boston,Massachusetts,MA,Suffolk,42.3389,-70.9196,
02105,Boston,Massachusetts,MA,Suffolk,42.3389,-70.9196,
02106,Boston,Massachusetts,MA,Suffolk,42.3543,-71.0734,
02107,Boston,Massachusetts,MA,Suffolk,42.3389,-70.9196,
02108,Boston,Massachusetts,MA,Suffolk,42.3576,-71.0684,
02109,Boston,Massachusetts,MA,Suffolk,42.36,-71.0545,
02110,Boston,Massachusetts,MA,Suffolk,42.3576,-71.0514,
02111,Boston,Massachusetts,MA,Suffolk,42.3503,-71.0629,
02112,Boston,Massachusetts,MA,Suffolk,42.3389,-70.9196,
02113,Boston,Massachusetts,MA,Suffolk,42.3657,-71.056,
02114,Boston,Massachusetts,MA,Suffolk,42.3611,-71.0682,
02115,Boston,Massachusetts,MA,Suffolk,42.3427,-71.0922,
02116,Boston,Massachusetts,MA,Suffolk,42.3492,-71.0768,
02117,Boston,Massachusetts,MA,Suffolk,42.3585,-71.058,
02118,Boston,Massachusetts,MA,Suffolk,42.3362,-71.0729,
02119,Boston,Massachusetts,MA,Suffolk,42.3231,-71.0846,
02120,Boston,Massachusetts,MA,Suffolk,42.3325,-71.0964,
02121,Boston,Massachusetts,MA,Suffolk,42.3071,-71.0816,
02122,Boston,Massachusetts,MA,Suffolk,42.2966,-71.0552,
02123,Boston,Massachusetts,MA,Suffolk,42.3389,-70.9196,
02124,Boston,Massachusetts,MA,Suffolk,42.2868,-71.071,
02125,Boston,Massachusetts,MA,Suffolk,42.3148,-71.0672,
02126,Mattapan,Massachusetts,MA,Suffolk,42.2739,-71.0939,
02127,Boston,Massachusetts,MA,Suffolk,42.3347,-71.0375,
02128,Boston,Massachusetts,MA,Suffolk,42.3642,-71.0257,
02129,Charlestown,Massachusetts,MA,Suffolk,42.3778,-71.0627,
02130,Jamaica Plain,Massachusetts,MA,Suffolk,42.3126,-71.1115,
02131,Roslindale,Massachusetts,MA,Suffolk,42.2836,-71.1295,
02132,West Roxbury,Massachusetts,MA,Suffolk,42.2787,-71.1589,
02133,Boston,Massachusetts,MA,Suffolk,42.3389,-70.9196,
02134,Allston,Massachusetts,MA,Suffolk,42.3535,-71.1329,
02135,Brighton,Massachusetts,MA,Suffolk,42.3478,-71.1566,
02136,Hyde Park,Massachusetts,MA,Suffolk,42.254,-71.1261,
02137,Readville,Massachusetts,MA,Suffolk,42.3389,-70.9196,
02138,Cambridge,Massachusetts,MA,Middlesex,42.377,-71.1256,
02139,Cambridge,Massachusetts,MA,Middlesex,42.3647,-71.1042,
02140,Cambridge,Massachusetts,MA,Middlesex,42.3932,-71.1338,
02141,Cambridge,Massachusetts,MA,Middlesex,42.3687,-71.0836,
02142,Cambridge,Massachusetts,MA,Middlesex,42.362,-71.083,
02143,Somerville,Massachusetts,MA,Middlesex,42.3829,-71.1028,
02144,Somerville,Massachusetts,MA,Middlesex,42.4003,-71.1221,
02145,Somerville,Massachusetts,MA,Middlesex,42.3907,-71.0929,
02146,Brookline,Massachusetts,MA,Norfolk,42.3082,-71.0887,
02147,Brookline Village,Massachusetts,MA,Norfolk,42.18,-71.0892,
02148,Malden,Massachusetts,MA,Middlesex,42.4291,-71.0605,
02149,Everett,Massachusetts,MA,Middlesex,42.4112,-71.0514,
02150,Chelsea,Massachusetts,MA,Suffolk,42.3963,-71.0325,
02151,Revere,Massachusetts,MA,Suffolk,42.4138,-71.0052,
02152,Winthrop,Massachusetts,MA,Suffolk,42.3763,-70.98,
02153,Medford,Massachusetts,MA,Middlesex,42.4464,-71.4594,
02154,Waltham,Massachusetts,MA,Middlesex,42.3889,-71.2398,
02155,Medford,Massachusetts,MA,Middlesex,42.4173,-71.1087,
02156,West Medford,Massachusetts,MA,Middlesex,42.4464,-71.4594,
02157,Babson Park,Massacexithusetts,MA,Norfolk,42.1739,-71.1855,
02158,Newton,Massachusetts,MA,Middlesex,42.3537,-71.1881,
02159,Newton,Massachusetts,MA,Middlesex,42.3161,-71.1912,
02160,Newton,Massachusetts,MA,Middlesex,42.4464,-71.4594,
02161,Newton,Massachusetts,MA,Middlesex,42.4464,-71.4594,
02162,Newton,Massachusetts,MA,Middlesex,42.3319,-71.254,
02163,Boston,Massachusetts,MA,Suffolk,42.3253,-71.1122,
02164,Newton,Massachusetts,MA,Middlesex,42.4464,-71.4594,
02165,Newton,Massachusetts,MA,Middlesex,42.4464,-71.4594,
02166,Auburndale,Massachusetts,MA,Middlesex,42.3461,-71.2431,
02167,Chestnut Hill,Massachusetts,MA,Middlesex,42.3208,-71.1698,
02168,Waban,Massachusetts,MA,Middlesex,42.4464,-71.4594,
02169,Quincy,Massachusetts,MA,Norfolk,42.2491,-70.9978,
02170,Quincy,Massachusetts,MA,Norfolk,42.2671,-71.0186,
02171,Quincy,Massachusetts,MA,Norfolk,42.2825,-71.0241,
02172,Watertown,Massachusetts,MA,Middlesex,42.3726,-71.178,
02173,Lexington,Massachusetts,MA,Middlesex,42.4464,-71.4594,
02174,Arlington,Massachusetts,MA,Middlesex,42.4177,-71.1671,
02175,Arlington Heights,Massachusetts,MA,Middlesex,42.4464,-71.4594,
02176,Melrose,Massachusetts,MA,Middlesex,42.4581,-71.0632,
02177,Melrose,Massachusetts,MA,Middlesex,42.4464,-71.4594,
